{"cameraMode":{"drawMode":0,"name":"Shaded","section":"Shading Mode"},"sceneLighting":false,"audioPlay":false,"sceneViewState":{"m_AlwaysRefresh":false,"showFog":true,"showSkybox":false,"showFlares":true,"showImageEffects":true,"showParticleSystems":true,"showVisualEffectGraphs":true,"m_FxEnabled":true},"in2DMode":false,"pivot":{"x":0.03947317600250244,"y":-0.13320410251617433,"z":2.851402759552002},"rotation":{"x":-0.054542649537324908,"y":0.03444160521030426,"z":0.0018836988601833583,"w":0.9979272484779358},"size":1.4110667705535889,"orthographic":false}