{"cameraMode":{"drawMode":0,"name":"Shaded","section":"Shading Mode"},"sceneLighting":true,"audioPlay":false,"sceneViewState":{"m_AlwaysRefresh":false,"showFog":true,"showSkybox":true,"showFlares":true,"showImageEffects":true,"showParticleSystems":true,"showVisualEffectGraphs":true,"m_FxEnabled":true},"in2DMode":false,"pivot":{"x":0.01046094298362732,"y":0.003473937511444092,"z":3.113696336746216},"rotation":{"x":0.13477332890033723,"y":0.10238633304834366,"z":-0.01390976831316948,"w":0.985550582408905},"size":1.1261374950408936,"orthographic":true}