{"cameraMode":{"drawMode":0,"name":"Shaded","section":"Shading Mode"},"sceneLighting":true,"audioPlay":false,"sceneViewState":{"m_AlwaysRefresh":false,"showFog":true,"showSkybox":true,"showFlares":true,"showImageEffects":true,"showParticleSystems":true,"showVisualEffectGraphs":true,"m_FxEnabled":true},"in2DMode":false,"pivot":{"x":0.010460913181304932,"y":0.003473937511444092,"z":3.113694906234741},"rotation":{"x":-0.027495943009853364,"y":-0.35580122470855715,"z":0.010393014177680016,"w":-0.9341591000556946},"size":1.1261374950408936,"orthographic":true}