{"cameraMode":{"drawMode":0,"name":"Shaded","section":"Shading Mode"},"sceneLighting":true,"audioPlay":false,"sceneViewState":{"m_AlwaysRefresh":false,"showFog":true,"showSkybox":true,"showFlares":true,"showImageEffects":true,"showParticleSystems":true,"showVisualEffectGraphs":true,"m_FxEnabled":true},"in2DMode":false,"pivot":{"x":0.01046094298362732,"y":0.003473937511444092,"z":3.113696336746216},"rotation":{"x":0.06464843451976776,"y":-0.14467748999595643,"z":0.009586833417415619,"w":0.9873964786529541},"size":4.036118030548096,"orthographic":true}