{"cameraMode":{"drawMode":0,"name":"Shaded","section":"Shading Mode"},"sceneLighting":true,"audioPlay":false,"sceneViewState":{"m_AlwaysRefresh":false,"showFog":true,"showSkybox":true,"showFlares":true,"showImageEffects":true,"showParticleSystems":true,"showVisualEffectGraphs":true,"m_FxEnabled":true},"in2DMode":false,"pivot":{"x":0.01046094298362732,"y":0.003473937511444092,"z":3.113696336746216},"rotation":{"x":0.1956428438425064,"y":-0.3929811716079712,"z":0.08610402047634125,"w":0.8944472074508667},"size":6.267967224121094,"orthographic":true}