{"cameraMode":{"drawMode":0,"name":"Shaded","section":"Shading Mode"},"sceneLighting":true,"audioPlay":false,"sceneViewState":{"m_AlwaysRefresh":false,"showFog":true,"showSkybox":true,"showFlares":true,"showImageEffects":true,"showParticleSystems":true,"showVisualEffectGraphs":true,"m_FxEnabled":true},"in2DMode":false,"pivot":{"x":-1.0800000429153443,"y":-0.14600040018558503,"z":2.2899999618530275},"rotation":{"x":0.19841893017292024,"y":-0.4816441237926483,"z":0.11308098584413529,"w":0.8461686372756958},"size":2.0805773735046388,"orthographic":true}