{"cameraMode":{"drawMode":0,"name":"Shaded","section":"Shading Mode"},"sceneLighting":true,"audioPlay":false,"sceneViewState":{"m_AlwaysRefresh":false,"showFog":true,"showSkybox":true,"showFlares":true,"showImageEffects":true,"showParticleSystems":true,"showVisualEffectGraphs":true,"m_FxEnabled":true},"in2DMode":false,"pivot":{"x":0.2710576355457306,"y":-0.14976271986961366,"z":2.9225826263427736},"rotation":{"x":-0.08263009041547775,"y":-0.22465617954730988,"z":0.019055170938372613,"w":-0.9707775712013245},"size":0.7572225332260132,"orthographic":true}