{"cameraMode":{"drawMode":0,"name":"Shaded","section":"Shading Mode"},"sceneLighting":true,"audioPlay":false,"sceneViewState":{"m_AlwaysRefresh":false,"showFog":true,"showSkybox":true,"showFlares":true,"showImageEffects":true,"showParticleSystems":true,"showVisualEffectGraphs":true,"m_FxEnabled":true},"in2DMode":false,"pivot":{"x":0.010460913181304932,"y":0.003473937511444092,"z":3.103696346282959},"rotation":{"x":-0.05676063150167465,"y":0.2912798523902893,"z":-0.01739286072552204,"w":-0.9548581838607788},"size":1.9097956418991089,"orthographic":true}