{"cameraMode":{"drawMode":0,"name":"Shaded","section":"Shading Mode"},"sceneLighting":false,"audioPlay":false,"sceneViewState":{"m_AlwaysRefresh":false,"showFog":true,"showSkybox":false,"showFlares":true,"showImageEffects":true,"showParticleSystems":true,"showVisualEffectGraphs":true,"m_FxEnabled":true},"in2DMode":false,"pivot":{"x":-0.10864225775003433,"y":0.005356729030609131,"z":0.5919312834739685},"rotation":{"x":0.2509405314922333,"y":0.3593292832374573,"z":-0.10095644742250443,"w":0.893155038356781},"size":0.07645463943481446,"orthographic":false}